"","bet","eig","res"
"1",0,0.403323192007688,0.0702474982691095
"2",0,0.403323192007688,0.0702474982691097
"3",0,0.403323192007688,0.0702474982691096
"4",29,1,0.0188870658556647
"5",21,0.787754136042159,-0.0145899041971398
"6",0,0.317719512665782,-0.0153561810727964
"7",0,0.317719512665782,-0.0153561810727963
"8",0,0.317719512665782,-0.0153561810727961
"9",8,0.481677472434322,-0.0301671152092924
"10",0,0.194271695700406,-0.138803998038172
